{"nm":"login2","ddd":0,"h":35,"w":35,"meta":{"g":"@lottiefiles/toolkit-js 0.33.2"},"layers":[{"ty":4,"nm":"Кривые Слой 2","sr":1,"st":0,"op":900,"ip":0,"hd":false,"ddd":0,"bm":0,"hasMask":false,"ao":0,"ks":{"a":{"a":0,"k":[145.121,72.148,0],"ix":1},"s":{"a":0,"k":[6.8359375,6.8359375,100],"ix":6},"sk":{"a":0,"k":0},"p":{"a":0,"k":[17.455908203125,23.838076171875,0],"ix":2},"r":{"a":1,"k":[{"o":{"x":0.167,"y":0.167},"i":{"x":0.833,"y":0.833},"s":[0],"t":7},{"o":{"x":0.167,"y":0.167},"i":{"x":0.833,"y":0.833},"s":[-4],"t":12},{"o":{"x":0.167,"y":0.167},"i":{"x":0.833,"y":0.833},"s":[4],"t":16},{"o":{"x":0.167,"y":0.167},"i":{"x":0.833,"y":0.833},"s":[-4],"t":21},{"o":{"x":0.167,"y":0.167},"i":{"x":0.833,"y":0.833},"s":[4],"t":26},{"o":{"x":0.167,"y":0.167},"i":{"x":0.833,"y":0.833},"s":[0],"t":30},{"s":[0],"t":36}],"ix":10},"sa":{"a":0,"k":0},"o":{"a":0,"k":100,"ix":11}},"ef":[],"shapes":[{"ty":"gr","bm":0,"hd":false,"mn":"ADBE Vector Group","nm":"Группа 1","ix":1,"cix":2,"np":2,"it":[{"ty":"sh","bm":0,"hd":false,"mn":"ADBE Vector Shape - Group","nm":"Контур 1","ix":1,"d":1,"ks":{"a":0,"k":{"c":true,"i":[[71.725,8.607],[0,0],[0,0],[0,-74.006],[0,0]],"o":[[0,0],[0,0],[-71.723,8.607],[0,0],[0,-74.006]],"v":[[17.357,-71.898],[0.001,0.758],[-17.355,-71.898],[-144.871,71.898],[144.872,71.898]]},"ix":2}},{"ty":"fl","bm":0,"hd":false,"mn":"ADBE Vector Graphic - Fill","nm":"Заливка 1","c":{"a":0,"k":[0,0.4588,0.8588],"ix":4},"r":1,"o":{"a":0,"k":100,"ix":5}},{"ty":"tr","a":{"a":0,"k":[0,0],"ix":1},"s":{"a":0,"k":[100,100],"ix":3},"sk":{"a":0,"k":0,"ix":4},"p":{"a":0,"k":[145.121,72.148],"ix":2},"r":{"a":0,"k":0,"ix":6},"sa":{"a":0,"k":0,"ix":5},"o":{"a":0,"k":100,"ix":7}}]}],"ind":1},{"ty":4,"nm":"Кривые <Слой>","sr":1,"st":0,"op":900,"ip":0,"hd":false,"ddd":0,"bm":0,"hasMask":false,"ao":0,"ks":{"a":{"a":0,"k":[93.504,92.663,0],"ix":1},"s":{"a":0,"k":[6.8359375,6.8359375,100],"ix":6},"sk":{"a":0,"k":0},"p":{"a":1,"k":[{"o":{"x":0.167,"y":0.167},"i":{"x":0.833,"y":0.833},"s":[17.431640625,12.578125000000002,0],"t":0,"ti":[1.833,1.667,0],"to":[0,-1.667,0]},{"o":{"x":0.167,"y":0.167},"i":{"x":0.833,"y":0.833},"s":[17.431640625,11.89453125,0],"t":7,"ti":[-1.5,0,0],"to":[-1.833,-1.667,0]},{"o":{"x":0.167,"y":0.167},"i":{"x":0.833,"y":0.833},"s":[16.6796875,11.89453125,0],"t":12,"ti":[0,0,0],"to":[1.5,0,0]},{"o":{"x":0.167,"y":0.167},"i":{"x":0.833,"y":0.833},"s":[18.046875,11.89453125,0],"t":16,"ti":[0,0,0],"to":[0,0,0]},{"o":{"x":0.167,"y":0.167},"i":{"x":0.833,"y":0.833},"s":[16.6796875,11.89453125,0],"t":21,"ti":[-1.833,0,0],"to":[0,0,0]},{"o":{"x":0.167,"y":0.167},"i":{"x":0.833,"y":0.833},"s":[18.046875,11.89453125,0],"t":26,"ti":[1.5,-1.667,0],"to":[1.833,0,0]},{"o":{"x":0.167,"y":0.167},"i":{"x":0.833,"y":0.833},"s":[17.431640625,11.89453125,0],"t":30,"ti":[0,-1.667,0],"to":[-1.5,1.667,0]},{"s":[17.431640625,12.578125000000002,0],"t":36}],"ix":2},"r":{"a":0,"k":0,"ix":10},"sa":{"a":0,"k":0},"o":{"a":0,"k":100,"ix":11}},"ef":[],"shapes":[{"ty":"gr","bm":0,"hd":false,"mn":"ADBE Vector Group","nm":"Группа 1","ix":1,"cix":2,"np":2,"it":[{"ty":"sh","bm":0,"hd":false,"mn":"ADBE Vector Shape - Group","nm":"Контур 1","ix":1,"d":1,"ks":{"a":0,"k":{"c":true,"i":[[0,45.484],[51.423,0],[0,-51.421],[-43.146,-8.163],[0,0]],"o":[[0,-51.421],[-51.421,0],[0,45.484],[0,0],[43.146,-8.163]],"v":[[93.254,0.842],[-0.001,-92.413],[-93.254,0.842],[-17.356,92.413],[17.357,92.413]]},"ix":2}},{"ty":"fl","bm":0,"hd":false,"mn":"ADBE Vector Graphic - Fill","nm":"Заливка 1","c":{"a":0,"k":[0.2118,0.6078,0.9569],"ix":4},"r":1,"o":{"a":0,"k":100,"ix":5}},{"ty":"tr","a":{"a":0,"k":[0,0],"ix":1},"s":{"a":0,"k":[100,100],"ix":3},"sk":{"a":0,"k":0,"ix":4},"p":{"a":0,"k":[93.504,92.663],"ix":2},"r":{"a":0,"k":0,"ix":6},"sa":{"a":0,"k":0,"ix":5},"o":{"a":0,"k":100,"ix":7}}]}],"ind":2}],"v":"5.5.9","fr":30,"op":60,"ip":0,"assets":[]}